{
  "id": "2124044",
  "name": "taobao",
  "font_family": "iconfont",
  "css_prefix_text": "icon-",
  "description": "",
  "glyphs": [
    {
      "icon_id": "974",
      "name": "微淘",
      "font_class": "weitao",
      "unicode": "e600",
      "unicode_decimal": 58880
    },
    {
      "icon_id": "1306",
      "name": "购物车空",
      "font_class": "gouwuchekong",
      "unicode": "e601",
      "unicode_decimal": 58881
    },
    {
      "icon_id": "5030",
      "name": "购物车满",
      "font_class": "gouwucheman",
      "unicode": "e602",
      "unicode_decimal": 58882
    },
    {
      "icon_id": "55165",
      "name": "信息",
      "font_class": "62",
      "unicode": "e64b",
      "unicode_decimal": 58955
    },
    {
      "icon_id": "1125890",
      "name": "信息",
      "font_class": "xinxi3",
      "unicode": "e648",
      "unicode_decimal": 58952
    },
    {
      "icon_id": "4465214",
      "name": "我的",
      "font_class": "wode",
      "unicode": "e68f",
      "unicode_decimal": 59023
    },
    {
      "icon_id": "5330400",
      "name": "首页",
      "font_class": "shouye",
      "unicode": "e77e",
      "unicode_decimal": 59262
    },
    {
      "icon_id": "7418679",
      "name": "微淘",
      "font_class": "weitao1",
      "unicode": "e60e",
      "unicode_decimal": 58894
    },
    {
      "icon_id": "12683880",
      "name": "首页",
      "font_class": "icon_huabanfuben",
      "unicode": "e621",
      "unicode_decimal": 58913
    },
    {
      "icon_id": "14658638",
      "name": "我的",
      "font_class": "wode1",
      "unicode": "e60b",
      "unicode_decimal": 58891
    }
  ]
}
